{
  "ROAE_TR_AVG5Q": 0.0676489855679243,
  "ROAA_TR_AVG5Q": 0.02084682709032534,
  "NMVOLUME_AVG_CR_10D": 44587,
  "PRICE_HIGHEST_CR_52W": 31800,
  "PRICE_LOWEST_CR_52W": 25200,
  "lastDateVonHoa": ""
}