{
  "ROAE_TR_AVG5Q": 0.13141953511615276,
  "ROAA_TR_AVG5Q": 0.09371586022968559,
  "NMVOLUME_AVG_CR_10D": 0,
  "PRICE_HIGHEST_CR_52W": 30100,
  "PRICE_LOWEST_CR_52W": 12000,
  "BETA": -0.1438881160467069,
  "lastDateVonHoa": ""
}